{
  "tier_a": {
    "ng": 6,
    "concentration": 0.1006,
    "n_spins": 88,
    "n_realizations": 24,
    "P00_classical_final": 0.034090762959998154,
    "P00_quantum_final": 0.13519703797625035
  },
  "tier_b": {
    "ng": 3,
    "n_spins": 10,
    "concentration": 0.0841,
    "hilbert_dim": 1024,
    "n_realizations": 16,
    "C_final_exact_quantum": 0.424372176256766,
    "P00_final_master_eq_scale_1": 0.18850048055603236
  }
}